A,FINTERM
A Priori Probability,FINTERM
A Round Financing,FINTERM
A+/A1,FINTERM
A-/A3,FINTERM
A-B Split,FINTERM
A-B Trust,FINTERM
A-Credit,FINTERM
A-Note,FINTERM
A-Share,FINTERM
Closing Entry,FINTERM
Closing Offset \(CO\) Order,FINTERM
Closing Points,FINTERM
Closing Price,FINTERM
Closing Quote,FINTERM
Closing Range,FINTERM
Closing Statement,FINTERM
Closing Tick,FINTERM
Cloud Computing,FINTERM
Cloud Hijacking,FINTERM
Cloud Mining,FINTERM
Cloud on Title,FINTERM
Cloud Security,FINTERM
Cloud Storage,FINTERM
Clowngrade,FINTERM
CLP \(Chilean Peso\),FINTERM
Modified Tenure Payment Plan,FINTERM
Modified Term Payment Plan,FINTERM
Modigliani-Miller Theorem - M&M,FINTERM
Modus Operandi,FINTERM
Mogul,FINTERM
Molecular Biology,FINTERM
Mom-and-Pop,FINTERM
Momentum,FINTERM
Momentum Fund,FINTERM
Momentum Investing,FINTERM
Mompreneur,FINTERM
Monaco MCO \(Cryptocurrency\),FINTERM
MonaCoin,FINTERM
Monax \(Cryptocurrency\),FINTERM
Monday Effect,FINTERM
Mondustrial Policy,FINTERM
Monero,FINTERM
MoneroV \(Cryptocurrency\),FINTERM
Monetarism,FINTERM
Monetarist,FINTERM
Takeout Value,FINTERM
Takeover,FINTERM
Takeover Artist,FINTERM
Takeover Bid,FINTERM
Takeunder,FINTERM
Taking the Street,FINTERM
Tandem Loan,FINTERM
Tandem Plan,FINTERM
Tangible Asset,FINTERM
Tangible Book Value Per Share - TBVPS,FINTERM
Tangible Common Equity \(TCE\) Ratio,FINTERM
Tangible Common Equity - TCE,FINTERM
Tangible Cost,FINTERM
Tangible Net Worth,FINTERM
Tangible Personal Property,FINTERM
Tangle \(Cryptocurrency\),FINTERM
Tankan Survey,FINTERM
Tap Issue,FINTERM
Tape Is Late,FINTERM
Tape Reading,FINTERM
ACSI,FINTERM
AIA,FINTERM
ALTA,FINTERM
ANSI,FINTERM
ARIA,FINTERM
ADA,FINTERM
AEX,FINTERM
Netherlands Antilles Guilder,FINTERM
ARD,FINTERM
Insurance,FINTERM
AIA,FINTERM
APE,FINTERM
ART,FINTERM
Internet Group,FINTERM
ACC,FINTERM
Angolan Novo Kwanza,FINTERM
AAPL,FINTERM
ASIC,FINTERM
ATP,FINTERM
A&E,FINTERM
Argentinian Peso,FINTERM
Argentinian Nuevo peso,FINTERM
ANN,FINTERM
CMS,FINTERM
WIP,FINTERM
WCM,FINTERM
WTC,FINTERM
Central African CFA Franc,FINTERM
Eastern Caribbean Dollar,FINTERM
West African CFA Franc,FINTERM
CFP Franc,FINTERM
YMPE,FINTERM
YRT,FINTERM
YOC,FINTERM